{"cameraMode":{"drawMode":0,"name":"Shaded","section":"Shading Mode"},"sceneLighting":true,"audioPlay":false,"sceneViewState":{"m_AlwaysRefresh":false,"showFog":true,"showSkybox":true,"showFlares":true,"showImageEffects":true,"showParticleSystems":true,"showVisualEffectGraphs":true,"m_FxEnabled":true},"in2DMode":false,"pivot":{"x":7.542396545410156,"y":5.105741024017334,"z":8.184048652648926},"rotation":{"x":-0.017024515196681024,"y":0.8535773754119873,"z":0.027902565896511079,"w":0.5200220346450806},"size":1.274096965789795,"orthographic":false}