{"cameraMode":{"drawMode":0,"name":"Shaded","section":"Shading Mode"},"sceneLighting":false,"audioPlay":false,"sceneViewState":{"m_AlwaysRefresh":false,"showFog":true,"showSkybox":false,"showFlares":true,"showImageEffects":true,"showParticleSystems":true,"showVisualEffectGraphs":true,"m_FxEnabled":true},"in2DMode":false,"pivot":{"x":-0.14468462765216828,"y":1.4936014413833619,"z":1.2187080383300782},"rotation":{"x":0.3367446959018707,"y":-0.042059026658535007,"z":0.015069724060595036,"w":0.9405501484870911},"size":0.08704603463411331,"orthographic":false}